Company_name,Post,Opening_date,Closing_date, Job_link 
PricewaterhouseCoopers,Trainee Data Analyst/ Data Analyst (2), Thu Dec 01 2022, Wed Dec 14 2022,"http://topjobs.lk/employer/JobAdvertismentServlet?rid=0&ac=0000000311&jc=0001030005&ec=0000000410&pg=applicant/vacancybyfunctionalarea.jsp',1098,631,'quickvacancysearch_1RQvxDWPB+pLJIzLsNbC72apw"
SA Ventures (Pvt) Ltd,IT Trainer  , Thu Dec 01 2022, Wed Dec 14 2022,"http://topjobs.lk/employer/JobAdvertismentServlet?rid=1&ac=DEFZZZ&jc=0001029977&ec=DEFZZZ&pg=applicant/vacancybyfunctionalarea.jsp',1098,631,'quickvacancysearch_1RQvxDWPB+pLJIzLsNbC72apw"
Epic Technology Group,Senior Software Engineer  - .Net Core , Thu Dec 01 2022, Wed Dec 14 2022,"http://topjobs.lk/employer/JobAdvertismentServlet?rid=2&ac=0000000484&jc=0001029964&ec=0000000651&pg=applicant/vacancybyfunctionalarea.jsp',1098,631,'quickvacancysearch_1RQvxDWPB+pLJIzLsNbC72apw"
Aussee Oats Milling (Pvt) Ltd,IT Executive - Web Development , Thu Dec 01 2022, Wed Dec 14 2022,"http://topjobs.lk/employer/JobAdvertismentServlet?rid=3&ac=DEFZZZ&jc=0001029947&ec=DEFZZZ&pg=applicant/vacancybyfunctionalarea.jsp',1098,631,'quickvacancysearch_1RQvxDWPB+pLJIzLsNbC72apw"
POTENZA Pvt Limited,Associate Software Engineer , Thu Dec 01 2022, Wed Dec 14 2022,"http://topjobs.lk/employer/JobAdvertismentServlet?rid=4&ac=DEFZZZ&jc=0001029928&ec=DEFZZZ&pg=applicant/vacancybyfunctionalarea.jsp',1098,631,'quickvacancysearch_1RQvxDWPB+pLJIzLsNbC72apw"
 Futura Tech Labs,Software Engineer , Thu Dec 01 2022, Wed Dec 14 2022,"http://topjobs.lk/employer/JobAdvertismentServlet?rid=5&ac=DEFZZZ&jc=0001029927&ec=DEFZZZ&pg=applicant/vacancybyfunctionalarea.jsp',1098,631,'quickvacancysearch_1RQvxDWPB+pLJIzLsNbC72apw"
eMarketingEye (Pvt) Limited,Full Stack Web Developer , Thu Dec 01 2022, Wed Dec 14 2022,"http://topjobs.lk/employer/JobAdvertismentServlet?rid=6&ac=0000000197&jc=0001029914&ec=0000000233&pg=applicant/vacancybyfunctionalarea.jsp',1098,631,'quickvacancysearch_1RQvxDWPB+pLJIzLsNbC72apw"
eMarketingEye (Pvt) Limited,Senior Web Designer , Thu Dec 01 2022, Wed Dec 14 2022,"http://topjobs.lk/employer/JobAdvertismentServlet?rid=7&ac=0000000197&jc=0001029913&ec=0000000233&pg=applicant/vacancybyfunctionalarea.jsp',1098,631,'quickvacancysearch_1RQvxDWPB+pLJIzLsNbC72apw"
Inspired Business Solutions,Interns  - Software Engineering / IT , Thu Dec 01 2022, Wed Dec 14 2022,"http://topjobs.lk/employer/JobAdvertismentServlet?rid=8&ac=DEFZZZ&jc=0001029907&ec=DEFZZZ&pg=applicant/vacancybyfunctionalarea.jsp',1098,631,'quickvacancysearch_1RQvxDWPB+pLJIzLsNbC72apw"
VitalHub (Pvt) Ltd,Spring Boot/ Python/ AWS Full Stack Engineer , Thu Dec 01 2022, Wed Dec 14 2022,"http://topjobs.lk/employer/JobAdvertismentServlet?rid=9&ac=DEFZZZ&jc=0001029901&ec=DEFZZZ&pg=applicant/vacancybyfunctionalarea.jsp',1098,631,'quickvacancysearch_1RQvxDWPB+pLJIzLsNbC72apw"
Enadoc Pvt Limited,Associate Software Engineer , Thu Dec 01 2022, Wed Dec 14 2022,"http://topjobs.lk/employer/JobAdvertismentServlet?rid=10&ac=DEFZZZ&jc=0001029899&ec=DEFZZZ&pg=applicant/vacancybyfunctionalarea.jsp',1098,631,'quickvacancysearch_1RQvxDWPB+pLJIzLsNbC72apw"
Enadoc Pvt Limited,Quality Assurance Engineer , Thu Dec 01 2022, Wed Dec 14 2022,"http://topjobs.lk/employer/JobAdvertismentServlet?rid=11&ac=DEFZZZ&jc=0001029898&ec=DEFZZZ&pg=applicant/vacancybyfunctionalarea.jsp',1098,631,'quickvacancysearch_1RQvxDWPB+pLJIzLsNbC72apw"
Enadoc Pvt Limited,Tech Lead  , Thu Dec 01 2022, Wed Dec 14 2022,"http://topjobs.lk/employer/JobAdvertismentServlet?rid=12&ac=DEFZZZ&jc=0001029897&ec=DEFZZZ&pg=applicant/vacancybyfunctionalarea.jsp',1098,631,'quickvacancysearch_1RQvxDWPB+pLJIzLsNbC72apw"
Jobfactory,Technical Lead-.NET (1), Thu Dec 01 2022, Wed Dec 14 2022,"http://topjobs.lk/employer/JobAdvertismentServlet?rid=13&ac=0000000375&jc=0001029888&ec=0000000492&pg=applicant/vacancybyfunctionalarea.jsp',1098,631,'quickvacancysearch_1RQvxDWPB+pLJIzLsNbC72apw"
Jobfactory,Technical Lead-JavaScript (1), Thu Dec 01 2022, Wed Dec 14 2022,"http://topjobs.lk/employer/JobAdvertismentServlet?rid=14&ac=0000000375&jc=0001029887&ec=0000000492&pg=applicant/vacancybyfunctionalarea.jsp',1098,631,'quickvacancysearch_1RQvxDWPB+pLJIzLsNbC72apw"
VitalHub (Pvt) Ltd,Java Full Stack Engineers  , Thu Dec 01 2022, Wed Dec 14 2022,"http://topjobs.lk/employer/JobAdvertismentServlet?rid=15&ac=DEFZZZ&jc=0001029877&ec=DEFZZZ&pg=applicant/vacancybyfunctionalarea.jsp',1098,631,'quickvacancysearch_1RQvxDWPB+pLJIzLsNbC72apw"
Jobfactory,.NET Tech Lead  (1), Thu Dec 01 2022, Wed Dec 14 2022,"http://topjobs.lk/employer/JobAdvertismentServlet?rid=16&ac=0000000375&jc=0001029876&ec=0000000492&pg=applicant/vacancybyfunctionalarea.jsp',1098,631,'quickvacancysearch_1RQvxDWPB+pLJIzLsNbC72apw"
Jobfactory, Tech Lead (1), Thu Dec 01 2022, Wed Dec 14 2022,"http://topjobs.lk/employer/JobAdvertismentServlet?rid=17&ac=0000000375&jc=0001029875&ec=0000000492&pg=applicant/vacancybyfunctionalarea.jsp',1098,631,'quickvacancysearch_1RQvxDWPB+pLJIzLsNbC72apw"
Jobfactory,Developer iOS (1), Thu Dec 01 2022, Wed Dec 14 2022,"http://topjobs.lk/employer/JobAdvertismentServlet?rid=18&ac=0000000375&jc=0001029872&ec=0000000492&pg=applicant/vacancybyfunctionalarea.jsp',1098,631,'quickvacancysearch_1RQvxDWPB+pLJIzLsNbC72apw"
